PRODUCT BRAND,ZIPCODE,SHIPMENT,DELIVERY
Samsung ,ABCDE01,9/11/2020 1:47,16/11/2020 6:24
Samsung ,ABXYZ02,9/11/2020 3:43,18/11/2020 6:24
Samsung ,CMTTS15,26/8/2020 5:21,20/11/2020 6:24
Samsung ,CGPTL18,9/11/2020 1:51,16/11/2020 6:24
Samsung ,CGBAK29,9/11/2020 0:18,15/11/2020 6:24
Samsung ,CXMHK36,9/11/2020 5:11,20/11/2020 6:24
Samsung ,DHSBN60,6/11/2020 19:31,4/12/2020 6:24
Samsung ,DHSBB32,27/8/2020 2:37,17/11/2020 6:24
Samsung ,GPSDRN8,9/11/2020 5:01,20/11/2020 6:24
Samsung ,NSSBP44,8/11/2020 22:05,7/12/2020 6:24
Samsung ,DHJTB66,3/9/2020 2:13,17/11/2020 6:24
Samsung ,SKSYM12,9/11/2020 2:47,17/11/2020 6:24
Samsung ,JSSDRB3,9/11/2020 0:41,15/11/2020 6:24
Samsung ,MYBLK82,9/11/2020 4:58,19/11/2020 6:24
Samsung ,NOSNB04,9/11/2020 3:04,18/11/2020 6:24
Samsung ,FNSNG50,15/10/2020 13:38,28/11/2020 6:24
Samsung ,DPNWG03,9/11/2020 4:33,19/11/2020 6:24
Samsung ,MBSDR32,9/11/2020 4:32,19/11/2020 6:24
Samsung ,CMDBD04,26/8/2020 4:38,19/11/2020 6:24
Samsung ,CGFTK29,9/11/2020 5:10,20/11/2020 6:24
Samsung ,SGSJP04,9/11/2020 5:12,20/11/2020 6:24
Xiaomi,DHBDDD6,9/11/2020 4:11,19/11/2020 6:24
Xiaomi,PPMTB16,9/11/2020 3:42,18/11/2020 6:24
Xiaomi,CMNKT23,9/11/2020 1:38,16/11/2020 6:24
Xiaomi,CGPTL18,9/11/2020 1:56,16/11/2020 6:24
Xiaomi,CGBAK29,9/11/2020 0:23,15/11/2020 6:24
Xiaomi,DHDHND3,9/11/2020 0:08,15/11/2020 6:24
Xiaomi,GPSDRN8,9/11/2020 5:07,20/11/2020 6:24
Xiaomi,NSSBP44,8/11/2020 22:04,7/12/2020 6:24
Xiaomi,DHSVR57,9/11/2020 0:08,15/11/2020 6:24
Xiaomi,DHNWG02,8/11/2020 13:37,28/11/2020 6:24
Xiaomi,DHKGND8,31/8/2020 20:28,5/12/2020 6:24
Xiaomi,JSSDRB3,9/11/2020 0:39,15/11/2020 6:24
Xiaomi,MYBLK82,9/11/2020 4:57,19/11/2020 6:24
Xiaomi,NOSNB04,9/11/2020 3:02,18/11/2020 6:24
Xiaomi,DPNWG03,9/11/2020 4:32,19/11/2020 6:24
Xiaomi,MBSDR32,9/11/2020 4:30,19/11/2020 6:24
Xiaomi,SYSDRF8,21/10/2020 7:18,22/11/2020 6:24
Xiaomi,BMNBG34,9/11/2020 3:53,18/11/2020 6:24
Iphone,DHMJH75,25/9/2020 15:48,30/11/2020 6:24
Iphone,DHUTT11,21/10/2020 11:17,26/11/2020 6:24
Iphone,DHKFR25,5/11/2020 10:41,25/11/2020 6:24
Iphone,JKSDR16,9/11/2020 1:28,16/11/2020 6:24
Iphone,BHMNP05,6/11/2020 11:59,26/11/2020 6:24
Iphone,JKNCT10,20/9/2020 13:14,28/11/2020 6:24
Iphone,MDSHB28,13/9/2020 10:53,25/11/2020 6:24
Iphone,CMLXM02,8/11/2020 2:23,17/11/2020 6:24
Iphone,CPFDG11,2/11/2020 10:28,25/11/2020 6:24
Iphone,CPMTB03,1/11/2020 17:12,2/12/2020 6:24
Iphone,CPHGN48,9/11/2020 2:04,17/11/2020 6:24
Iphone,CMSDR55,9/11/2020 1:23,16/11/2020 6:24
Iphone,CMNKT23,8/11/2020 21:13,6/12/2020 6:24
Iphone,CPSRT21,8/11/2020 16:14,1/12/2020 6:24
Iphone,CPMTB15,8/11/2020 16:03,1/12/2020 6:24
Iphone,CPMTB12,8/11/2020 16:03,1/12/2020 6:24
Iphone,CMDKN81,8/11/2020 14:44,29/11/2020 6:24
Iphone,CPKCH54,8/11/2020 13:56,28/11/2020 6:24
Iphone,CMTTS16,7/11/2020 17:34,2/12/2020 6:24
Iphone,CPUMT55,7/11/2020 16:08,1/12/2020 6:24
Iphone,CPUMT43,5/11/2020 17:45,2/12/2020 6:24
Iphone,CMNKT64,5/11/2020 15:09,30/11/2020 6:24
Iphone,CPKCH42,4/11/2020 17:28,2/12/2020 6:24
Iphone,CPUMT47,2/11/2020 16:21,1/12/2020 6:24
Iphone,CMSDR86,2/11/2020 13:13,28/11/2020 6:24
Iphone,CMDKN64,29/10/2020 17:18,2/12/2020 6:24
Iphone,CMHMN31,29/10/2020 7:49,22/11/2020 6:24
Iphone,CMBRR80,27/10/2020 11:39,26/11/2020 6:24
Iphone,CMBRR75,26/10/2020 11:12,26/11/2020 6:24
Iphone,CPSRT35,23/10/2020 17:18,2/12/2020 6:24
Iphone,CPKCH29,23/10/2020 13:12,28/11/2020 6:24
Iphone,CMMDN85,22/10/2020 4:40,19/11/2020 6:24
Iphone,CMNKT75,20/10/2020 6:01,21/11/2020 6:24
Iphone,CPSRT33,20/10/2020 0:48,15/11/2020 6:24
Iphone,CPHGN14,14/10/2020 15:49,30/11/2020 6:24
Iphone,CMMDN13,14/10/2020 2:28,17/11/2020 6:24
Iphone,CPSDR49,5/10/2020 13:55,28/11/2020 6:24
Iphone,CPSDR38,3/10/2020 10:02,25/11/2020 6:24
Iphone,CPKCH62,28/9/2020 12:35,27/11/2020 6:24
Iphone,CMDKN71,28/9/2020 12:25,27/11/2020 6:24
Iphone,CMMDN06,26/9/2020 11:40,26/11/2020 6:24
Iphone,CPHGN59,3/8/2020 16:00,1/12/2020 6:24
Iphone,CMMGN16,26/7/2020 6:27,21/11/2020 6:24
Iphone,CMSDD49,27/6/2020 16:30,1/12/2020 6:24
Iphone,CGPTG44,8/11/2020 17:51,2/12/2020 6:24
Iphone,CGPTL10,23/10/2020 14:33,29/11/2020 6:24
Iphone,CGDMGU2,21/10/2020 13:03,28/11/2020 6:24
Iphone,CGPTG42,21/10/2020 11:10,26/11/2020 6:24
Iphone,CGBYZ91,28/9/2020 12:28,27/11/2020 6:24
Iphone,CGSKD23,8/11/2020 14:35,29/11/2020 6:24
Iphone,CGFTKB1,8/11/2020 23:59,8/12/2020 6:24
Iphone,CGHTZA8,8/11/2020 10:10,25/11/2020 6:24
Iphone,CGFTK81,7/11/2020 16:23,1/12/2020 6:24
Iphone,RMKKL06,29/10/2020 5:23,20/11/2020 6:24
Iphone,CGFTKA3,27/10/2020 21:47,6/12/2020 6:24
Iphone,CGRNG40,23/10/2020 17:46,2/12/2020 6:24
Iphone,CGRZN81,10/10/2020 6:40,21/11/2020 6:24
Iphone,CGMIRA8,7/10/2020 12:53,27/11/2020 6:24
Iphone,CGSDP47,7/10/2020 1:14,16/11/2020 6:24
Iphone,CGMIRC1,3/10/2020 16:34,1/12/2020 6:24
Iphone,CGFTKB4,28/9/2020 12:30,27/11/2020 6:24
Iphone,CGLHG58,9/11/2020 4:35,19/11/2020 6:24
Iphone,CXSDR27,9/11/2020 2:19,17/11/2020 6:24
Iphone,CXMHK20,8/11/2020 21:15,6/12/2020 6:24
Iphone,CXRMU10,24/10/2020 16:07,1/12/2020 6:24
Iphone,CXTKN30,24/10/2020 8:16,23/11/2020 6:24
Iphone,CXRMU21,13/10/2020 3:20,18/11/2020 6:24
Iphone,CGCND52,8/10/2020 14:50,29/11/2020 6:24
Iphone,CXRMU44,4/10/2020 16:26,1/12/2020 6:24
Iphone,CGPTAB5,14/9/2020 13:55,28/11/2020 6:24
Iphone,CXCKR91,28/8/2020 23:36,8/12/2020 6:24
Iphone,CGSKN39,21/7/2020 16:24,1/12/2020 6:24
Iphone,DHDHN76,12/10/2020 12:59,27/11/2020 6:24
Iphone,DHSBN54,25/6/2020 14:04,29/11/2020 6:24
Iphone,NSSBP05,3/11/2020 7:59,22/11/2020 6:24
Iphone,GPSDRC0,5/11/2020 10:13,25/11/2020 6:24
Iphone,DHUTT65,25/10/2020 17:17,2/12/2020 6:24
Iphone,GPSDR7A,15/10/2020 14:31,29/11/2020 6:24
Iphone,GPKLK75,12/10/2020 19:16,4/12/2020 6:24
Iphone,GPSDR2Z,9/10/2020 16:35,1/12/2020 6:24
Iphone,DHUTK06,8/10/2020 6:39,21/11/2020 6:24
Iphone,GPSRPB7,5/10/2020 15:08,30/11/2020 6:24
Iphone,GPKLK46,2/10/2020 14:08,29/11/2020 6:24
Iphone,GPSDR1Q,27/9/2020 15:40,30/11/2020 6:24
Iphone,GPSRP98,7/9/2020 18:38,3/12/2020 6:24
Iphone,GPKPS19,7/9/2020 16:35,1/12/2020 6:24
Iphone,GPSDRM4,2/9/2020 18:00,3/12/2020 6:24
Iphone,GPSDR90,10/8/2020 17:30,2/12/2020 6:24
Iphone,GPSRP83,28/7/2020 15:02,30/11/2020 6:24
Iphone,DHTRG36,27/7/2020 13:14,28/11/2020 6:24
Iphone,GPSDR2E,29/6/2020 14:00,29/11/2020 6:24
Iphone,DHPLB87,7/11/2020 14:23,29/11/2020 6:24
Iphone,DHKGN42,4/11/2020 21:44,6/12/2020 6:24
Iphone,DHSVRI1,4/11/2020 16:51,1/12/2020 6:24
Iphone,DHSVRT3,3/11/2020 23:00,8/12/2020 6:24
Iphone,MGSDR42,3/11/2020 16:58,1/12/2020 6:24
Iphone,DHDRS88,7/10/2020 13:20,28/11/2020 6:24
Iphone,DHSVRR0,6/10/2020 21:09,6/12/2020 6:24
Iphone,DHSVRQ5,4/10/2020 19:27,4/12/2020 6:24
Iphone,MGSDR48,3/10/2020 15:35,30/11/2020 6:24
Iphone,DHDHM61,28/9/2020 12:24,27/11/2020 6:24
Iphone,DHSVR99,19/9/2020 16:47,1/12/2020 6:24
Iphone,DHDHM06,12/9/2020 16:01,1/12/2020 6:24
Iphone,DHMRPA4,25/8/2020 17:03,2/12/2020 6:24
Iphone,DHDEM26,9/11/2020 5:14,20/11/2020 6:24
Iphone,MNLHG13,8/11/2020 20:42,5/12/2020 6:24
Iphone,DHHZR29,2/11/2020 14:49,29/11/2020 6:24
Iphone,NGSDRF8,30/10/2020 22:27,7/12/2020 6:24
Iphone,MNSRK34,14/10/2020 13:34,28/11/2020 6:24
Iphone,NGBND43,28/9/2020 12:24,27/11/2020 6:24
Iphone,NGSDR27,8/9/2020 20:28,5/12/2020 6:24
Iphone,NGSDRD5,8/8/2020 12:00,27/11/2020 6:24
Iphone,SKSYM11,1/11/2020 10:54,25/11/2020 6:24
Iphone,SKASN07,7/11/2020 3:41,18/11/2020 6:24
Iphone,GGSDR12,3/11/2020 13:12,28/11/2020 6:24
Iphone,JSSRS16,17/10/2020 13:28,28/11/2020 6:24
Iphone,NRSDR29,24/9/2020 18:24,3/12/2020 6:24
Iphone,JSABH18,25/8/2020 15:39,30/11/2020 6:24
Iphone,KHBTG14,22/7/2020 14:13,29/11/2020 6:24
Iphone,MHSDR04,31/10/2020 11:35,26/11/2020 6:24
Iphone,FPNGR26,8/11/2020 3:19,18/11/2020 6:24
Iphone,CDALM23,24/10/2020 22:09,7/12/2020 6:24
Iphone,MHSDR42,29/9/2020 14:19,29/11/2020 6:24
Iphone,JHSDR16,4/9/2020 1:11,16/11/2020 6:24
Iphone,JHSDR43,22/5/2020 11:25,26/11/2020 6:24
Iphone,KSSDR03,4/11/2020 13:37,28/11/2020 6:24
Iphone,TNKLH24,8/11/2020 16:42,1/12/2020 6:24
Iphone,TNMZP28,4/11/2020 4:33,19/11/2020 6:24
Iphone,SRNLT07,1/11/2020 22:25,7/12/2020 6:24
Iphone,NKMDN05,31/10/2020 17:48,2/12/2020 6:24
Iphone,TNSDR23,29/10/2020 21:11,6/12/2020 6:24
Iphone,MYSDR30,29/10/2020 2:15,17/11/2020 6:24
Iphone,NKSDR21,15/10/2020 13:58,28/11/2020 6:24
Iphone,TNNGP09,7/10/2020 10:00,25/11/2020 6:24
Iphone,KSHSN04,30/9/2020 7:33,22/11/2020 6:24
Iphone,NOSNB04,9/11/2020 2:37,17/11/2020 6:24
Iphone,FNDGN36,8/11/2020 21:14,6/12/2020 6:24
Iphone,NOMJD07,8/11/2020 20:30,5/12/2020 6:24
Iphone,LXRPR24,8/11/2020 17:28,2/12/2020 6:24
Iphone,NOMJD61,8/11/2020 17:23,2/12/2020 6:24
Iphone,LXKMN22,8/11/2020 15:16,30/11/2020 6:24
Iphone,LXSDR13,8/11/2020 2:35,17/11/2020 6:24
Iphone,NOSBC54,7/11/2020 18:05,3/12/2020 6:24
Iphone,NOSBC48,7/11/2020 17:36,2/12/2020 6:24
Iphone,FNFGZ09,7/11/2020 5:31,20/11/2020 6:24
Iphone,FNDGN46,6/11/2020 21:31,6/12/2020 6:24
Iphone,LXKMN53,6/11/2020 9:26,24/11/2020 6:24
Iphone,FNDGN47,5/11/2020 10:22,25/11/2020 6:24
Iphone,LXRGT04,4/11/2020 12:17,27/11/2020 6:24
Iphone,LXRGN68,24/10/2020 14:33,29/11/2020 6:24
Iphone,NOBGMA3,21/10/2020 17:04,2/12/2020 6:24
Iphone,NOKBH16,13/10/2020 16:58,1/12/2020 6:24
Iphone,FNFGZ16,13/10/2020 13:49,28/11/2020 6:24
Iphone,FNSDRB2,13/10/2020 11:58,26/11/2020 6:24
Iphone,FNPRS08,11/10/2020 17:59,2/12/2020 6:24
Iphone,NOMJDC2,10/10/2020 14:03,29/11/2020 6:24
Iphone,NOHTA43,8/10/2020 0:15,15/11/2020 6:24
Iphone,FNSDRF3,7/10/2020 11:11,26/11/2020 6:24
Iphone,FNDGN51,1/10/2020 21:46,6/12/2020 6:24
Iphone,NOMJDB7,28/9/2020 12:28,27/11/2020 6:24
Iphone,NOMJDB9,28/9/2020 12:27,27/11/2020 6:24
Iphone,FNSNG62,28/9/2020 12:22,27/11/2020 6:24
Iphone,NOHTA21,24/8/2020 12:31,27/11/2020 6:24
Iphone,NOKBH31,16/8/2020 23:31,8/12/2020 6:24
Iphone,NPJLD07,7/11/2020 16:38,1/12/2020 6:24
Iphone,RPSDR98,6/11/2020 16:51,1/12/2020 6:24
Iphone,RPSDR42,3/11/2020 17:59,2/12/2020 6:24
Iphone,BMNNG17,13/10/2020 13:27,28/11/2020 6:24
Iphone,BMASG23,9/11/2020 3:32,18/11/2020 6:24
Iphone,BMBNC42,8/11/2020 0:47,15/11/2020 6:24
Iphone,BMNBG33,31/10/2020 12:16,27/11/2020 6:24
Iphone,BMNBG09,31/10/2020 7:32,22/11/2020 6:24
Iphone,BMSDR77,21/10/2020 16:44,1/12/2020 6:24
Iphone,MBBRL27,17/10/2020 8:18,23/11/2020 6:24
Iphone,BMNNG13,13/10/2020 13:22,28/11/2020 6:24
Iphone,BMAKH05,3/10/2020 21:25,6/12/2020 6:24
Iphone,BMAKH17,30/9/2020 10:22,25/11/2020 6:24
Iphone,MBSDR03,18/9/2020 15:28,30/11/2020 6:24
Iphone,CPFDG30,3/11/2020 11:16,26/11/2020 6:24
Iphone,CGPCH59,16/10/2020 18:33,3/12/2020 6:24
Iphone,CXUKH36,8/11/2020 15:07,30/11/2020 6:24
Iphone,NSMND02,8/11/2020 3:55,18/11/2020 6:24
Iphone,NGRPG12,4/11/2020 15:01,30/11/2020 6:24
Iphone,DHMRP11,23/9/2020 18:52,3/12/2020 6:24
Iphone,JSSDR11,29/10/2020 14:03,29/11/2020 6:24
Iphone,FNSDR46,9/11/2020 2:27,17/11/2020 6:24
Iphone,FNSDR26,6/11/2020 21:46,6/12/2020 6:24
dell,CPSDR15,3/11/2020 17:23,2/12/2020 6:24
dell,CPHGN39,24/10/2020 10:03,25/11/2020 6:24
dell,DHMDP24,4/11/2020 18:29,3/12/2020 6:24
dell,GPSDR93,9/11/2020 3:37,18/11/2020 6:24
dell,DHKKT01,8/11/2020 21:57,6/12/2020 6:24
dell,DHKKT03,26/7/2020 6:32,21/11/2020 6:24
Acer,GPKPS29,8/11/2020 21:15,6/12/2020 6:24
Acer,GGMKS01,19/9/2020 14:34,29/11/2020 6:24
Acer,PBSTH05,4/11/2020 9:09,24/11/2020 6:24
Acer,PPMTB02,23/10/2020 20:07,5/12/2020 6:24
Smart TV,PTDMK05,11/8/2020 8:51,23/11/2020 6:24
Smart TV,SPNRA14,8/11/2020 20:30,5/12/2020 6:24
Acer,MDRJR10,8/11/2020 20:11,5/12/2020 6:24
Acer,PTKLP02,3/11/2020 6:59,21/11/2020 6:24
Acer,BRPTG16,23/10/2020 20:36,5/12/2020 6:24
Acer,BHSDR15,16/9/2020 14:07,29/11/2020 6:24
Smart TV,BSGND18,22/10/2020 8:15,23/11/2020 6:24
dell,CMBRR45,9/11/2020 4:48,19/11/2020 6:24
dell,CPMTB21,9/11/2020 4:29,19/11/2020 6:24
dell,CPKCH35,9/11/2020 3:40,18/11/2020 6:24
dell,CMBRR51,9/11/2020 1:01,16/11/2020 6:24
dell,CMMDN30,8/11/2020 23:47,8/12/2020 6:24
dell,CPFDG34,8/11/2020 21:43,6/12/2020 6:24
dell,CMHMN02,8/11/2020 21:26,6/12/2020 6:24
dell,CMNKT50,8/11/2020 20:43,5/12/2020 6:24
dell,CMNKT14,8/11/2020 19:21,4/12/2020 6:24
dell,CMMDN27,8/11/2020 17:11,2/12/2020 6:24
dell,CPKCH49,8/11/2020 7:17,22/11/2020 6:24
dell,CMLXM64,7/11/2020 13:37,28/11/2020 6:24
dell,CMNKT56,7/11/2020 8:01,23/11/2020 6:24
dell,CMSDR86,2/11/2020 13:13,28/11/2020 6:24
dell,CPFDG68,29/10/2020 18:47,3/12/2020 6:24
dell,CMBRR75,26/10/2020 11:10,26/11/2020 6:24
dell,CPSDR89,28/9/2020 12:27,27/11/2020 6:24
dell,CMDKN45,27/9/2020 0:27,15/11/2020 6:24
dell,CGKTLB6,9/11/2020 5:10,20/11/2020 6:24
dell,CGCDG45,9/11/2020 3:33,18/11/2020 6:24
dell,CGBAK47,8/11/2020 23:09,8/12/2020 6:24
dell,CGKHL70,8/11/2020 22:44,7/12/2020 6:24
dell,CGDMGA3,8/11/2020 22:01,7/12/2020 6:24
dell,CGDMG98,8/11/2020 22:01,7/12/2020 6:24
dell,CGBYZ47,8/11/2020 21:35,6/12/2020 6:24
dell,CGKHL59,8/11/2020 11:58,26/11/2020 6:24
dell,CGCDG60,8/11/2020 8:24,23/11/2020 6:24
dell,CGPRT59,8/11/2020 6:50,21/11/2020 6:24
dell,CGHLS64,7/11/2020 7:08,22/11/2020 6:24
dell,CGBYZ61,7/11/2020 7:00,22/11/2020 6:24
dell,CGPTG42,29/10/2020 17:23,2/12/2020 6:24
dell,CGBYZ36,23/10/2020 22:22,7/12/2020 6:24
dell,CGPTL10,23/10/2020 14:33,29/11/2020 6:24
dell,CGKTLM0,28/9/2020 7:48,22/11/2020 6:24
dell,CGBYZ65,28/7/2020 10:40,25/11/2020 6:24
dell,CGPRT33,29/6/2020 10:53,25/11/2020 6:24
dell,CGHTZ09,9/11/2020 5:14,20/11/2020 6:24
dell,CGRZN65,9/11/2020 4:50,19/11/2020 6:24
dell,KCMTR15,9/11/2020 3:50,18/11/2020 6:24
dell,KCRMG01,9/11/2020 3:36,18/11/2020 6:24
dell,KCMKC13,9/11/2020 3:12,18/11/2020 6:24
dell,CGRZN24,8/11/2020 22:48,7/12/2020 6:24
dell,CGMIR24,8/11/2020 21:00,6/12/2020 6:24
dell,KCSDR23,8/11/2020 18:03,3/12/2020 6:24
dell,CGHTZ70,8/11/2020 16:23,1/12/2020 6:24
dell,KCMHC06,8/11/2020 8:40,23/11/2020 6:24
dell,CGFTK51,7/11/2020 22:33,7/12/2020 6:24
dell,CGFTK50,5/11/2020 17:33,2/12/2020 6:24
dell,RMLND14,10/10/2020 8:53,23/11/2020 6:24
dell,CGLHG15,9/11/2020 2:55,17/11/2020 6:24
dell,CXRMU60,8/11/2020 22:45,7/12/2020 6:24
dell,CXSDRA0,8/11/2020 22:44,7/12/2020 6:24
dell,CGSKN67,8/11/2020 8:55,23/11/2020 6:24
dell,CGSKN69,7/11/2020 14:38,29/11/2020 6:24
dell,CGBSK58,7/11/2020 7:07,22/11/2020 6:24
dell,CGPTA69,6/11/2020 15:46,30/11/2020 6:24
dell,CGBSK31,6/11/2020 9:46,24/11/2020 6:24
dell,CGSKN60,4/11/2020 16:59,1/12/2020 6:24
dell,CXTKN07,2/11/2020 12:08,27/11/2020 6:24
dell,CXPKA15,1/11/2020 17:26,2/12/2020 6:24
dell,CXSDR89,13/10/2020 4:32,19/11/2020 6:24
dell,CXRMU44,2/9/2020 15:46,30/11/2020 6:24
dell,CXUKH42,22/7/2020 0:42,15/11/2020 6:24
dell,DHADB01,27/10/2020 13:40,28/11/2020 6:24
dell,DHMJH16,8/11/2020 17:30,2/12/2020 6:24
dell,DHKHL41,6/11/2020 16:34,1/12/2020 6:24
dell,DHADB12,6/11/2020 16:31,1/12/2020 6:24
dell,DHRMN62,5/10/2020 12:57,27/11/2020 6:24
dell,DHTEJ80,10/9/2020 12:58,27/11/2020 6:24
dell,DHRMN11,3/8/2020 6:10,21/11/2020 6:24
dell,DHMDP75,2/8/2020 17:44,2/12/2020 6:24
dell,DHRMN59,17/5/2020 13:39,28/11/2020 6:24
dell,GPSDR19,7/11/2020 15:26,30/11/2020 6:24
Acer,NSRPR27,9/11/2020 2:25,17/11/2020 6:24
Acer,NSSBP24,8/11/2020 22:21,7/12/2020 6:24
dell,GPSRP31,8/11/2020 19:17,4/12/2020 6:24
dell,GPSDR76,8/11/2020 13:43,28/11/2020 6:24
dell,GPSDRW3,8/11/2020 9:02,24/11/2020 6:24
dell,GPSDRN3,7/11/2020 17:17,2/12/2020 6:24
dell,DHKKT47,7/11/2020 8:26,23/11/2020 6:24
dell,GPSDR3R,6/11/2020 17:33,2/12/2020 6:24
Acer,GPKPS39,31/10/2020 12:59,27/11/2020 6:24
dell,GPSRP43,21/10/2020 12:05,27/11/2020 6:24
dell,GPSDRA1,15/10/2020 9:07,24/11/2020 6:24
dell,GPSDRO9,14/10/2020 19:34,4/12/2020 6:24
Acer,GPKLG11,10/10/2020 15:25,30/11/2020 6:24
dell,GPSDRB0,7/10/2020 20:41,5/12/2020 6:24
dell,DHUTTE0,4/10/2020 20:19,5/12/2020 6:24
dell,GPSDRL5,27/9/2020 11:52,26/11/2020 6:24
dell,DHUTK13,23/9/2020 17:17,2/12/2020 6:24
dell,GPSRP91,4/6/2020 22:08,7/12/2020 6:24
dell,DHSVRI9,3/11/2020 11:02,26/11/2020 6:24
dell,MGSTR07,17/10/2020 9:36,24/11/2020 6:24
dell,DHDHM03,18/9/2020 11:59,26/11/2020 6:24
dell,DHCNT80,9/11/2020 5:09,20/11/2020 6:24
dell,DHDHR09,8/11/2020 19:55,4/12/2020 6:24
dell,DHKGN72,8/11/2020 19:35,4/12/2020 6:24
dell,DHCNT79,8/11/2020 16:58,1/12/2020 6:24
dell,DHMRPA6,8/11/2020 10:32,25/11/2020 6:24
dell,DHKGN05,8/11/2020 9:56,24/11/2020 6:24
dell,DHSVR97,8/11/2020 9:07,24/11/2020 6:24
dell,MGSDR18,8/11/2020 7:01,22/11/2020 6:24
dell,DHSVR90,7/11/2020 15:48,30/11/2020 6:24
dell,DHSVRF4,7/11/2020 1:20,16/11/2020 6:24
dell,MGSDR06,4/11/2020 9:26,24/11/2020 6:24
dell,DHSVRT3,3/11/2020 23:00,8/12/2020 6:24
dell,MGSNG16,30/10/2020 22:03,7/12/2020 6:24
dell,DHKFR22,29/10/2020 18:40,3/12/2020 6:24
dell,DHMRP18,29/10/2020 14:24,29/11/2020 6:24
dell,DHSVRF0,19/10/2020 16:48,1/12/2020 6:24
dell,DHSVR18,8/10/2020 16:35,1/12/2020 6:24
dell,DHSVRE5,6/10/2020 13:50,28/11/2020 6:24
dell,DHNWG35,17/9/2020 21:43,6/12/2020 6:24
dell,DHSVR45,12/9/2020 14:12,29/11/2020 6:24
dell,MGSNG18,28/8/2020 13:43,28/11/2020 6:24
dell,DHMRPA4,22/7/2020 6:23,21/11/2020 6:24
dell,MNSRK18,17/10/2020 12:04,27/11/2020 6:24
dell,NGSDRI5,30/9/2020 19:09,4/12/2020 6:24
dell,DHDEM39,9/11/2020 5:13,20/11/2020 6:24
dell,DHSHM18,9/11/2020 3:22,18/11/2020 6:24
dell,MNLHG19,8/11/2020 18:53,3/12/2020 6:24
dell,NGBND39,7/11/2020 20:27,5/12/2020 6:24
dell,NGSDRD2,7/11/2020 7:46,22/11/2020 6:24
dell,NGSDRQ9,1/11/2020 14:53,29/11/2020 6:24
dell,NGSDRH0,31/10/2020 17:42,2/12/2020 6:24
dell,DHKDM34,28/10/2020 13:24,28/11/2020 6:24
dell,NGSDRH8,26/9/2020 1:39,16/11/2020 6:24
dell,DHKDM33,9/9/2020 8:22,23/11/2020 6:24
dell,DHLLB31,16/8/2020 15:45,30/11/2020 6:24
dell,MNSDR26,18/7/2020 22:29,7/12/2020 6:24
Smart TV,JSCGH04,8/11/2020 14:31,29/11/2020 6:24
Acer,GGMKS23,8/11/2020 11:07,26/11/2020 6:24
Acer,SKSYM11,1/11/2020 10:54,25/11/2020 6:24
Acer,NRSDR22,7/11/2020 9:50,24/11/2020 6:24
Acer,GGKSN18,27/10/2020 18:16,3/12/2020 6:24
Smart TV,GGSDR24,22/10/2020 16:59,1/12/2020 6:24
Acer,KHDMR07,20/10/2020 17:33,2/12/2020 6:24
Smart TV,GGKSN15,17/10/2020 16:25,1/12/2020 6:24
Smart TV,KHPKG14,13/10/2020 15:36,30/11/2020 6:24
Acer,KHPKG13,13/10/2020 15:35,30/11/2020 6:24
Acer,JSSRS10,12/10/2020 1:45,16/11/2020 6:24
Acer,JSSDR16,5/10/2020 5:39,20/11/2020 6:24
Acer,NRKLA07,28/9/2020 23:00,8/12/2020 6:24
Smart TV,KHSND09,20/9/2020 1:41,16/11/2020 6:24
Acer,KHDMR05,10/9/2020 14:49,29/11/2020 6:24
Acer,JSSDR94,3/9/2020 11:05,26/11/2020 6:24
Acer,KHBTG04,20/7/2020 17:19,2/12/2020 6:24
Acer,JSBGH15,28/5/2020 21:22,6/12/2020 6:24
Smart TV,GGSDR22,12/10/2020 18:51,3/12/2020 6:24
Acer,PBSTH13,9/11/2020 5:03,20/11/2020 6:24
Smart TV,FPALF10,12/10/2020 19:30,4/12/2020 6:24
Acer,JPMLN12,6/11/2020 18:35,3/12/2020 6:24
dell,TNMDP31,9/11/2020 0:17,15/11/2020 6:24
dell,TNDDR14,8/11/2020 11:52,26/11/2020 6:24
Acer,JPBKG05,6/11/2020 17:41,2/12/2020 6:24
Smart TV,KSKRM09,4/11/2020 16:57,1/12/2020 6:24
Acer,NKKLZ02,2/11/2020 8:05,23/11/2020 6:24
dell,TNGTL24,28/10/2020 2:21,17/11/2020 6:24
dell,TNSDR84,15/10/2020 12:43,27/11/2020 6:24
Acer,KSKRM05,13/10/2020 11:55,26/11/2020 6:24
Smart TV,MYMKT21,3/10/2020 15:27,30/11/2020 6:24
dell,TNNGP20,9/9/2020 11:56,26/11/2020 6:24
Acer,KSMTM03,21/7/2020 9:39,24/11/2020 6:24
Smart TV,KSKTD16,20/7/2020 22:32,7/12/2020 6:24
dell,NOSNB11,8/11/2020 11:40,26/11/2020 6:24
dell,LXRGN32,9/11/2020 5:14,20/11/2020 6:24
dell,NOBGMA0,9/11/2020 4:48,19/11/2020 6:24
dell,NOHTA38,9/11/2020 4:43,19/11/2020 6:24
dell,NOSNM02,9/11/2020 4:25,19/11/2020 6:24
dell,NOMJD63,9/11/2020 3:04,18/11/2020 6:24
dell,NOCMP30,9/11/2020 0:35,15/11/2020 6:24
dell,FNSNG17,9/11/2020 0:22,15/11/2020 6:24
dell,FNSNG42,8/11/2020 22:04,7/12/2020 6:24
dell,LXSDR68,8/11/2020 21:59,6/12/2020 6:24
dell,FNDGN36,8/11/2020 21:14,6/12/2020 6:24
dell,NOSNM21,8/11/2020 20:31,5/12/2020 6:24
dell,NOBGM23,8/11/2020 19:13,4/12/2020 6:24
dell,LXSDRA2,8/11/2020 15:53,30/11/2020 6:24
dell,NOSNB33,8/11/2020 13:55,28/11/2020 6:24
dell,LXSDR58,8/11/2020 10:50,25/11/2020 6:24
dell,LXKMN47,8/11/2020 9:35,24/11/2020 6:24
dell,NOMJD82,7/11/2020 18:06,3/12/2020 6:24
dell,NOSNM48,7/11/2020 10:27,25/11/2020 6:24
dell,LXSDR95,6/11/2020 7:08,22/11/2020 6:24
dell,LXRGN36,6/11/2020 5:07,20/11/2020 6:24
dell,NOBGM65,5/11/2020 12:31,27/11/2020 6:24
dell,NOBGM98,31/10/2020 9:27,24/11/2020 6:24
dell,CMCDG51,31/10/2020 4:59,19/11/2020 6:24
dell,NOBGMA3,21/10/2020 17:04,2/12/2020 6:24
dell,NOHTA43,19/10/2020 19:57,4/12/2020 6:24
dell,CMCDG55,18/10/2020 2:41,17/11/2020 6:24
dell,LXRGN41,17/10/2020 13:10,28/11/2020 6:24
dell,NOHTA29,17/10/2020 13:01,28/11/2020 6:24
dell,NOSBC12,8/10/2020 10:46,25/11/2020 6:24
dell,LXSDRE6,5/10/2020 9:34,24/11/2020 6:24
dell,NOCMP40,5/10/2020 4:52,19/11/2020 6:24
dell,NOCTK13,26/9/2020 18:10,3/12/2020 6:24
dell,NOKBH38,23/6/2020 13:19,28/11/2020 6:24
dell,NOBGM85,31/10/2020 7:16,22/11/2020 6:24
Acer,RSTNR07,4/11/2020 9:09,24/11/2020 6:24
Acer,RSMHR06,13/10/2020 20:00,5/12/2020 6:24
Acer,JYKTL07,9/11/2020 4:17,19/11/2020 6:24
Acer,SGSJP05,8/11/2020 23:07,8/12/2020 6:24
Acer,NADMR07,8/11/2020 13:10,28/11/2020 6:24
Acer,NANMT11,8/11/2020 0:47,15/11/2020 6:24
Smart TV,NTGDS07,7/11/2020 11:29,26/11/2020 6:24
Smart TV,RSCGT11,30/10/2020 17:28,2/12/2020 6:24
Smart TV,NTSDR20,27/10/2020 16:34,1/12/2020 6:24
Acer,SGULP32,21/10/2020 9:11,24/11/2020 6:24
Acer,NAPTN06,19/10/2020 13:31,28/11/2020 6:24
Acer,NTLLP12,15/10/2020 9:01,24/11/2020 6:24
Acer,NTSDR13,27/9/2020 13:34,28/11/2020 6:24
Smart TV,RSPBA19,24/9/2020 12:47,27/11/2020 6:24
Acer,SGBKC11,19/9/2020 11:07,26/11/2020 6:24
Smart TV,RSBLA29,17/9/2020 17:39,2/12/2020 6:24
Acer,DPCRB09,8/11/2020 15:15,30/11/2020 6:24
Smart TV,RPSDR51,6/11/2020 10:53,25/11/2020 6:24
Acer,LMPTG04,24/10/2020 17:30,2/12/2020 6:24
Acer,PGATR06,22/10/2020 12:35,27/11/2020 6:24
Acer,GBSDR07,14/10/2020 22:51,7/12/2020 6:24
Acer,RPMTH26,6/10/2020 16:56,1/12/2020 6:24
Acer,DPSDR19,17/9/2020 22:01,7/12/2020 6:24
Acer,NPSDR23,22/8/2020 15:15,30/11/2020 6:24
Acer,NPSDR24,22/8/2020 13:25,28/11/2020 6:24
Smart TV,TGSDR23,5/11/2020 18:06,3/12/2020 6:24
Acer,SYDKS28,8/11/2020 17:11,2/12/2020 6:24
Acer,BMSDR21,26/9/2020 16:57,1/12/2020 6:24
dell,BMSDR77,8/11/2020 13:29,28/11/2020 6:24
dell,BMKSB27,7/11/2020 8:48,23/11/2020 6:24
Acer,BMSDR71,4/11/2020 15:27,30/11/2020 6:24
Acer,BMNBG21,1/11/2020 13:01,28/11/2020 6:24
Smart TV,SYCMP10,31/10/2020 15:03,30/11/2020 6:24
Acer,BMNBG10,31/10/2020 12:37,27/11/2020 6:24
Acer,BMNBG33,31/10/2020 12:16,27/11/2020 6:24
Smart TV,HGCNR18,25/10/2020 17:26,2/12/2020 6:24
dell,BMNBG34,8/11/2020 18:18,3/12/2020 6:24
dell,CMBRR55,7/7/2020 14:58,29/11/2020 6:24
dell,CMDBD42,20/6/2020 11:47,26/11/2020 6:24
dell,CMBRR57,9/11/2020 5:10,20/11/2020 6:24
dell,CMMDN04,8/11/2020 23:16,8/12/2020 6:24
dell,CGKTLG8,7/11/2020 20:42,5/12/2020 6:24
dell,CGLHG32,7/11/2020 16:41,1/12/2020 6:24
dell,CXRMU39,7/11/2020 13:30,28/11/2020 6:24
dell,BBSDR16,8/11/2020 7:33,22/11/2020 6:24
dell,DHPTN15,8/11/2020 9:48,24/11/2020 6:24
dell,DHTRG04,8/11/2020 11:50,26/11/2020 6:24
Acer,NSMND01,26/9/2020 17:30,2/12/2020 6:24
dell,DHKGN06,4/11/2020 9:34,24/11/2020 6:24
dell,DHKFR14,2/11/2020 22:51,7/12/2020 6:24
dell,DHCNT08,4/11/2020 23:59,8/12/2020 6:24
dell,DHNWG19,8/11/2020 10:39,25/11/2020 6:24
dell,DHLLB17,28/10/2020 14:00,29/11/2020 6:24
dell,DHLLB24,9/11/2020 5:00,20/11/2020 6:24
dell,NGSDR12,9/11/2020 2:32,17/11/2020 6:24
dell,DHLLB21,8/11/2020 11:56,26/11/2020 6:24
dell,DHSTR14,8/11/2020 11:16,26/11/2020 6:24
Acer,CDDMH01,2/9/2020 14:59,29/11/2020 6:24
dell,NOCMP33,8/11/2020 1:04,16/11/2020 6:24
Acer,ABXYZ03,26/10/2020 20:14,5/12/2020 6:24
